Patients,http://www.augustahealth.org/,"
	Augusta University Health | World-Class Health Care 
"
Email,http://email.augusta.edu/,Sign In
News,http://jagwire.augusta.edu,Jagwire – Augusta University News
Calendar,http://calendar.augusta.edu/,"
	Event Calendar - List
"
People Directory,https://eguide.augusta.edu/,  Password Self Service
POUNCE,https://pounce.augusta.edu/,User Login
Athletics,http://www.jaguarsroar.com/, Augusta University
Health,http://www.augustahealth.org/,"
	Augusta University Health | World-Class Health Care 
"
Read More,http://magazines.augusta.edu/2019/03/19/swimming-with-sharks/,Swimming with Sharks – Magazines
Info for Alumni and Friends,http://alumni.augusta.edu/,Alumni Affairs
Support Augusta University,http://giving.augusta.edu/,Office of Advancement
NO TEXT,http://jagwire.augusta.edu/archives/63773,Save the date: State of the University – Jagwire
Save the date: State of the University,http://jagwire.augusta.edu/archives/63773,Save the date: State of the University – Jagwire
NO TEXT,http://jagwire.augusta.edu/archives/63648,Cancer diagnosis can’t stop 91-year-old from dancing through life – Jagwire
Cancer diagnosis can’t stop 91-year-old from dancing through life,http://jagwire.augusta.edu/archives/63648,Cancer diagnosis can’t stop 91-year-old from dancing through life – Jagwire
NO TEXT,http://jagwire.augusta.edu/archives/63570,All roads lead to Venice – Jagwire
All roads lead to Venice,http://jagwire.augusta.edu/archives/63570,All roads lead to Venice – Jagwire
More News,https://jagwire.augusta.edu/,Jagwire – Augusta University News
18 Apr  Animation Workshop III – Animation in Video Games,https://calendar.augusta.edu/event/animation-workshop-iii--animation-in-video-games/,"
	Event Calendar - Animation Workshop III – Animation in Video Games
"
18 Apr  JAZZ AND AMERICAN MUSIC CELEBRATION WEEK: AU Jazz and Conservatory Jazz Ensembles,https://calendar.augusta.edu/site/theatre/event/augusta-university-jazz-ensemble-8/,"
	Maxwell Theatre - JAZZ AND AMERICAN MUSIC CELEBRATION WEEK: AU Jazz and Conservatory Jazz Ensembles
"
19 Apr  JAZZ & AMERICAN MUSIC WEEK: GG and the Tones featuring Paisley Gordon & the Electrik Krazy Orchestra,https://calendar.augusta.edu/site/theatre/event/spring-jazz-week-gg-and-the-tones-featuring-paisley-gordon-and-the-electrik-krazy-orchestra/,"
	Maxwell Theatre - JAZZ & AMERICAN MUSIC WEEK: GG and the Tones featuring Paisley Gordon & the Electrik Krazy Orchestra
"
20 Apr  A Day of International Cinema,https://calendar.augusta.edu/site/theatre/event/a-day-of-international-cinema-and-culture/,"
	Maxwell Theatre - A Day of International Cinema
"
NO TEXT,https://www.facebook.com/AUGUniversity/,"Augusta University - College & University - Augusta, Georgia - 297 Reviews - 3,987 Photos | Facebook"
NO TEXT,https://twitter.com/AUG_JAGWIRE,AUGUSTA JAGWIRE (@AUG_JAGWIRE) | Twitter
NO TEXT,https://www.youtube.com/user/georgiaregentsu,"  Augusta University
 - YouTube"
NO TEXT,https://instagram.com/aug_university,"
Augusta University (@aug_university) • Instagram photos and videos
"
NO TEXT,https://augustauniversity.photoshelter.com/,Augusta University Photos
"1120 15th Street, Augusta, GA 30912",http://www.augusta.edu/maps/university-map.php,Campus Maps | Augusta University
